abort_id,batch_id,equip_id,plant_id,reason,timestamp
ABT-000001,BCH-00064,EQ-102,PLT-001,Coating defect,2024-02-05 17:03:33
ABT-000002,BCH-00098,EQ-104,PLT-001,Weight out of spec,2024-02-24 22:32:09
ABT-000003,BCH-00119,EQ-104,PLT-001,Blend uniformity failure,2024-03-09 05:30:40
ABT-000004,BCH-00121,EQ-102,PLT-001,Coating defect,2024-03-10 18:28:35
ABT-000005,BCH-00133,EQ-101,PLT-001,Contamination detected,2024-03-17 15:51:39
ABT-000006,BCH-00146,EQ-101,PLT-001,Weight out of spec,2024-03-21 06:22:47
ABT-000007,BCH-00157,EQ-102,PLT-001,Coating defect,2024-03-24 07:59:51
ABT-000008,BCH-00166,EQ-102,PLT-001,Coating defect,2024-03-28 09:03:41
ABT-000009,BCH-00203,EQ-104,PLT-001,Deformed product,2024-04-11 10:25:44
ABT-000010,BCH-00214,EQ-102,PLT-001,Contamination detected,2024-04-19 11:51:50
ABT-000011,BCH-00219,EQ-104,PLT-001,Contamination detected,2024-04-21 19:47:20
ABT-000012,BCH-00227,EQ-101,PLT-001,Blend uniformity failure,2024-04-24 17:41:26
ABT-000013,BCH-00259,EQ-101,PLT-001,Weight out of spec,2024-05-18 15:23:53
ABT-000014,BCH-00262,EQ-104,PLT-001,Deformed product,2024-05-20 23:22:48
ABT-000015,BCH-00267,EQ-103,PLT-001,Coating defect,2024-05-26 01:05:51
ABT-000016,BCH-00276,EQ-104,PLT-001,Contamination detected,2024-05-29 10:57:34
ABT-000017,BCH-00283,EQ-104,PLT-001,Coating defect,2024-06-03 07:38:11
ABT-000018,BCH-00295,EQ-102,PLT-001,Weight out of spec,2024-06-06 12:48:17
ABT-000019,BCH-00297,EQ-103,PLT-001,Deformed product,2024-06-07 23:52:36
ABT-000020,BCH-00312,EQ-104,PLT-001,Weight out of spec,2024-06-17 22:14:22
ABT-000021,BCH-00317,EQ-102,PLT-001,Blend uniformity failure,2024-06-20 12:48:13
ABT-000022,BCH-00339,EQ-101,PLT-001,Weight out of spec,2024-07-05 01:54:14
ABT-000023,BCH-00345,EQ-104,PLT-001,Coating defect,2024-07-10 06:11:59
ABT-000024,BCH-00347,EQ-102,PLT-001,Contamination detected,2024-07-12 06:30:15
ABT-000025,BCH-00348,EQ-101,PLT-001,Blend uniformity failure,2024-07-12 15:55:21
ABT-000026,BCH-00353,EQ-101,PLT-001,Blend uniformity failure,2024-07-14 20:15:16
ABT-000027,BCH-00360,EQ-104,PLT-001,Deformed product,2024-07-16 14:45:38
ABT-000028,BCH-00372,EQ-104,PLT-001,Blend uniformity failure,2024-07-21 11:28:10
ABT-000029,BCH-00377,EQ-102,PLT-001,Blend uniformity failure,2024-07-24 14:04:32
ABT-000030,BCH-00380,EQ-103,PLT-001,Contamination detected,2024-07-27 18:24:15
ABT-000031,BCH-00390,EQ-102,PLT-001,Coating defect,2024-08-01 09:50:06
ABT-000032,BCH-00403,EQ-101,PLT-001,Deformed product,2024-08-09 17:26:39
ABT-000033,BCH-00405,EQ-102,PLT-001,Contamination detected,2024-08-10 12:05:36
ABT-000034,BCH-00408,EQ-104,PLT-001,Weight out of spec,2024-08-12 00:25:12
ABT-000035,BCH-00420,EQ-102,PLT-001,Contamination detected,2024-08-19 03:32:08
ABT-000036,BCH-00438,EQ-102,PLT-001,Deformed product,2024-08-26 20:00:34
ABT-000037,BCH-00450,EQ-104,PLT-001,Blend uniformity failure,2024-09-03 01:15:45
ABT-000038,BCH-00458,EQ-101,PLT-001,Deformed product,2024-09-09 02:35:15
ABT-000039,BCH-00461,EQ-101,PLT-001,Weight out of spec,2024-09-10 08:21:29
ABT-000040,BCH-00466,EQ-101,PLT-001,Blend uniformity failure,2024-09-12 08:21:53
ABT-000041,BCH-00468,EQ-103,PLT-001,Weight out of spec,2024-09-13 20:00:11
ABT-000042,BCH-00471,EQ-101,PLT-001,Blend uniformity failure,2024-09-14 21:41:28
ABT-000043,BCH-00478,EQ-103,PLT-001,Weight out of spec,2024-09-19 17:48:01
ABT-000044,BCH-00480,EQ-101,PLT-001,Blend uniformity failure,2024-09-19 17:40:11
ABT-000045,BCH-00482,EQ-101,PLT-001,Contamination detected,2024-09-20 02:38:36
ABT-000046,BCH-00488,EQ-103,PLT-001,Weight out of spec,2024-09-23 20:59:09
ABT-000047,BCH-00490,EQ-102,PLT-001,Blend uniformity failure,2024-09-24 22:30:37
ABT-000048,BCH-00493,EQ-101,PLT-001,Deformed product,2024-09-27 14:06:53
ABT-000049,BCH-00494,EQ-103,PLT-001,Weight out of spec,2024-09-27 23:54:57
ABT-000050,BCH-00510,EQ-101,PLT-001,Deformed product,2024-10-05 08:13:05
ABT-000051,BCH-00523,EQ-102,PLT-001,Contamination detected,2024-10-12 17:47:51
ABT-000052,BCH-00526,EQ-101,PLT-001,Blend uniformity failure,2024-10-14 09:42:31
ABT-000053,BCH-00527,EQ-101,PLT-001,Weight out of spec,2024-10-15 15:02:41
ABT-000054,BCH-00530,EQ-103,PLT-001,Weight out of spec,2024-10-17 13:15:05
ABT-000055,BCH-00534,EQ-103,PLT-001,Coating defect,2024-10-19 16:56:04
ABT-000056,BCH-00535,EQ-102,PLT-001,Blend uniformity failure,2024-10-19 20:56:24
ABT-000057,BCH-00539,EQ-104,PLT-001,Blend uniformity failure,2024-10-22 06:05:56
ABT-000058,BCH-00541,EQ-101,PLT-001,Contamination detected,2024-10-22 22:38:54
ABT-000059,BCH-00545,EQ-101,PLT-001,Contamination detected,2024-10-25 17:29:39
ABT-000060,BCH-00552,EQ-101,PLT-001,Contamination detected,2024-10-30 05:41:23
ABT-000061,BCH-00553,EQ-103,PLT-001,Weight out of spec,2024-10-30 17:12:47
ABT-000062,BCH-00556,EQ-103,PLT-001,Weight out of spec,2024-10-31 23:05:38
ABT-000063,BCH-00557,EQ-101,PLT-001,Contamination detected,2024-11-01 03:23:12
ABT-000064,BCH-00560,EQ-102,PLT-001,Deformed product,2024-11-05 09:27:21
ABT-000065,BCH-00565,EQ-103,PLT-001,Blend uniformity failure,2024-11-06 10:46:07
ABT-000066,BCH-00566,EQ-103,PLT-001,Contamination detected,2024-11-06 12:39:16
ABT-000067,BCH-00567,EQ-102,PLT-001,Contamination detected,2024-11-06 17:26:35
ABT-000068,BCH-00573,EQ-103,PLT-001,Blend uniformity failure,2024-11-09 23:56:39
ABT-000069,BCH-00577,EQ-102,PLT-001,Deformed product,2024-11-10 14:34:24
ABT-000070,BCH-00578,EQ-103,PLT-001,Deformed product,2024-11-10 16:02:34
ABT-000071,BCH-00579,EQ-102,PLT-001,Coating defect,2024-11-11 10:19:15
ABT-000072,BCH-00581,EQ-102,PLT-001,Blend uniformity failure,2024-11-11 15:06:38
ABT-000073,BCH-00582,EQ-102,PLT-001,Deformed product,2024-11-13 04:24:30
ABT-000074,BCH-00583,EQ-101,PLT-001,Coating defect,2024-11-13 17:13:15
ABT-000075,BCH-00585,EQ-101,PLT-001,Contamination detected,2024-11-14 09:48:18
ABT-000076,BCH-00591,EQ-101,PLT-001,Weight out of spec,2024-11-16 22:32:24
ABT-000077,BCH-00592,EQ-101,PLT-001,Contamination detected,2024-11-17 07:22:18
ABT-000078,BCH-00593,EQ-103,PLT-001,Blend uniformity failure,2024-11-17 17:16:53
ABT-000079,BCH-00594,EQ-101,PLT-001,Deformed product,2024-11-17 16:37:18
ABT-000080,BCH-00599,EQ-101,PLT-001,Weight out of spec,2024-11-21 08:52:59
ABT-000081,BCH-00601,EQ-104,PLT-001,Contamination detected,2024-11-23 18:39:59
ABT-000082,BCH-00603,EQ-103,PLT-001,Contamination detected,2024-11-24 10:53:24
ABT-000083,BCH-00608,EQ-101,PLT-001,Coating defect,2024-11-26 06:13:48
ABT-000084,BCH-00611,EQ-102,PLT-001,Blend uniformity failure,2024-11-29 06:04:38
ABT-000085,BCH-00612,EQ-103,PLT-001,Deformed product,2024-11-29 22:48:37
ABT-000086,BCH-00618,EQ-101,PLT-001,Blend uniformity failure,2024-12-05 17:33:23
ABT-000087,BCH-00619,EQ-102,PLT-001,Deformed product,2024-12-06 17:26:33
ABT-000088,BCH-00621,EQ-102,PLT-001,Coating defect,2024-12-07 11:52:57
ABT-000089,BCH-00624,EQ-102,PLT-001,Contamination detected,2024-12-08 20:08:12
ABT-000090,BCH-00626,EQ-104,PLT-001,Blend uniformity failure,2024-12-09 16:51:06
ABT-000091,BCH-00627,EQ-101,PLT-001,Weight out of spec,2024-12-10 03:15:32
ABT-000092,BCH-00629,EQ-103,PLT-001,Deformed product,2024-12-12 03:03:40
ABT-000093,BCH-00631,EQ-102,PLT-001,Deformed product,2024-12-12 18:33:15
ABT-000094,BCH-00632,EQ-103,PLT-001,Contamination detected,2024-12-14 04:25:55
ABT-000095,BCH-00633,EQ-104,PLT-001,Contamination detected,2024-12-14 08:38:40
ABT-000096,BCH-00634,EQ-103,PLT-001,Coating defect,2024-12-15 12:20:09
ABT-000097,BCH-00636,EQ-104,PLT-001,Deformed product,2024-12-15 23:23:26
ABT-000098,BCH-00638,EQ-101,PLT-001,Contamination detected,2024-12-16 15:12:54
ABT-000099,BCH-00644,EQ-102,PLT-001,Coating defect,2024-12-19 13:54:54
ABT-000100,BCH-00645,EQ-104,PLT-001,Weight out of spec,2024-12-20 00:19:14
ABT-000101,BCH-00647,EQ-102,PLT-001,Blend uniformity failure,2024-12-20 12:05:29
ABT-000102,BCH-00656,EQ-103,PLT-001,Deformed product,2024-12-26 15:14:57
ABT-000103,BCH-00657,EQ-104,PLT-001,Blend uniformity failure,2024-12-26 21:01:15
ABT-000104,BCH-00658,EQ-104,PLT-001,Weight out of spec,2024-12-27 10:13:23
ABT-000105,BCH-00660,EQ-104,PLT-001,Blend uniformity failure,2024-12-29 13:41:01
ABT-000106,BCH-00661,EQ-102,PLT-001,Weight out of spec,2024-12-29 07:38:02
ABT-000107,BCH-00664,EQ-102,PLT-001,Coating defect,2024-12-30 02:23:28
ABT-000108,BCH-00665,EQ-101,PLT-001,Weight out of spec,2024-12-30 09:04:47
ABT-000109,BCH-00686,EQ-202,PLT-002,Weight out of spec,2024-01-11 07:09:40
ABT-000110,BCH-00703,EQ-201,PLT-002,Blend uniformity failure,2024-01-21 17:16:59
ABT-000111,BCH-00789,EQ-201,PLT-002,Contamination detected,2024-03-11 16:06:11
ABT-000112,BCH-00795,EQ-201,PLT-002,Contamination detected,2024-03-14 08:11:46
ABT-000113,BCH-00819,EQ-203,PLT-002,Blend uniformity failure,2024-03-24 16:19:11
ABT-000114,BCH-00822,EQ-204,PLT-002,Contamination detected,2024-03-26 00:27:08
ABT-000115,BCH-00830,EQ-203,PLT-002,Blend uniformity failure,2024-04-01 12:24:15
ABT-000116,BCH-00843,EQ-202,PLT-002,Coating defect,2024-04-09 07:40:30
ABT-000117,BCH-00845,EQ-202,PLT-002,Deformed product,2024-04-10 07:35:01
ABT-000118,BCH-00849,EQ-201,PLT-002,Contamination detected,2024-04-11 10:45:42
ABT-000119,BCH-00853,EQ-204,PLT-002,Contamination detected,2024-04-14 00:20:30
ABT-000120,BCH-00866,EQ-204,PLT-002,Deformed product,2024-04-22 06:20:47
ABT-000121,BCH-00902,EQ-203,PLT-002,Contamination detected,2024-05-15 17:20:29
ABT-000122,BCH-00903,EQ-202,PLT-002,Deformed product,2024-05-16 10:37:15
ABT-000123,BCH-00908,EQ-203,PLT-002,Coating defect,2024-05-18 22:36:36
ABT-000124,BCH-00909,EQ-201,PLT-002,Contamination detected,2024-05-18 20:15:33
ABT-000125,BCH-00915,EQ-204,PLT-002,Coating defect,2024-05-22 18:50:56
ABT-000126,BCH-00920,EQ-203,PLT-002,Blend uniformity failure,2024-05-26 10:02:10
ABT-000127,BCH-00933,EQ-201,PLT-002,Blend uniformity failure,2024-06-01 07:21:04
ABT-000128,BCH-00941,EQ-201,PLT-002,Coating defect,2024-06-05 04:03:41
ABT-000129,BCH-00942,EQ-204,PLT-002,Blend uniformity failure,2024-06-06 06:39:58
ABT-000130,BCH-00953,EQ-204,PLT-002,Blend uniformity failure,2024-06-12 09:26:44
ABT-000131,BCH-00959,EQ-203,PLT-002,Weight out of spec,2024-06-16 12:46:14
ABT-000132,BCH-00966,EQ-203,PLT-002,Weight out of spec,2024-06-19 22:26:57
ABT-000133,BCH-00992,EQ-204,PLT-002,Coating defect,2024-07-02 13:07:26
ABT-000134,BCH-00993,EQ-203,PLT-002,Deformed product,2024-07-02 13:44:43
ABT-000135,BCH-00994,EQ-201,PLT-002,Blend uniformity failure,2024-07-02 17:28:43
ABT-000136,BCH-00999,EQ-204,PLT-002,Blend uniformity failure,2024-07-04 22:44:33
ABT-000137,BCH-01028,EQ-202,PLT-002,Weight out of spec,2024-07-18 15:39:43
ABT-000138,BCH-01041,EQ-201,PLT-002,Weight out of spec,2024-07-27 08:08:32
ABT-000139,BCH-01049,EQ-201,PLT-002,Contamination detected,2024-07-29 21:44:47
ABT-000140,BCH-01062,EQ-201,PLT-002,Weight out of spec,2024-08-04 12:13:48
ABT-000141,BCH-01070,EQ-202,PLT-002,Coating defect,2024-08-09 20:13:02
ABT-000142,BCH-01074,EQ-202,PLT-002,Coating defect,2024-08-10 17:18:11
ABT-000143,BCH-01077,EQ-201,PLT-002,Contamination detected,2024-08-13 11:39:59
ABT-000144,BCH-01087,EQ-203,PLT-002,Deformed product,2024-08-18 14:56:43
ABT-000145,BCH-01102,EQ-204,PLT-002,Deformed product,2024-08-26 11:24:05
ABT-000146,BCH-01103,EQ-202,PLT-002,Coating defect,2024-08-26 16:52:39
ABT-000147,BCH-01109,EQ-203,PLT-002,Blend uniformity failure,2024-08-29 07:43:21
ABT-000148,BCH-01111,EQ-203,PLT-002,Blend uniformity failure,2024-08-29 19:21:21
ABT-000149,BCH-01113,EQ-204,PLT-002,Coating defect,2024-08-31 01:52:44
ABT-000150,BCH-01114,EQ-204,PLT-002,Weight out of spec,2024-09-01 07:45:50
ABT-000151,BCH-01116,EQ-201,PLT-002,Blend uniformity failure,2024-09-01 03:41:09
ABT-000152,BCH-01135,EQ-201,PLT-002,Contamination detected,2024-09-12 23:32:33
ABT-000153,BCH-01147,EQ-201,PLT-002,Weight out of spec,2024-09-18 21:40:12
ABT-000154,BCH-01153,EQ-202,PLT-002,Weight out of spec,2024-09-21 00:29:32
ABT-000155,BCH-01154,EQ-204,PLT-002,Coating defect,2024-09-22 02:24:16
ABT-000156,BCH-01155,EQ-203,PLT-002,Deformed product,2024-09-22 07:38:20
ABT-000157,BCH-01158,EQ-203,PLT-002,Coating defect,2024-09-23 02:48:15
ABT-000158,BCH-01169,EQ-201,PLT-002,Blend uniformity failure,2024-09-28 06:45:53
ABT-000159,BCH-01171,EQ-201,PLT-002,Weight out of spec,2024-09-28 14:41:01
ABT-000160,BCH-01183,EQ-202,PLT-002,Blend uniformity failure,2024-10-03 17:46:08
ABT-000161,BCH-01196,EQ-204,PLT-002,Contamination detected,2024-10-09 05:30:51
ABT-000162,BCH-01203,EQ-202,PLT-002,Deformed product,2024-10-14 11:24:18
ABT-000163,BCH-01206,EQ-201,PLT-002,Deformed product,2024-10-15 09:20:24
ABT-000164,BCH-01213,EQ-201,PLT-002,Weight out of spec,2024-10-20 09:03:26
ABT-000165,BCH-01217,EQ-204,PLT-002,Blend uniformity failure,2024-10-22 15:53:56
ABT-000166,BCH-01222,EQ-204,PLT-002,Blend uniformity failure,2024-10-25 18:08:20
ABT-000167,BCH-01227,EQ-203,PLT-002,Deformed product,2024-10-27 10:21:56
ABT-000168,BCH-01230,EQ-203,PLT-002,Weight out of spec,2024-10-29 06:08:10
ABT-000169,BCH-01232,EQ-204,PLT-002,Blend uniformity failure,2024-10-30 03:07:40
ABT-000170,BCH-01234,EQ-201,PLT-002,Coating defect,2024-10-30 08:21:35
ABT-000171,BCH-01236,EQ-203,PLT-002,Blend uniformity failure,2024-10-31 00:36:28
ABT-000172,BCH-01240,EQ-203,PLT-002,Coating defect,2024-11-05 07:54:32
ABT-000173,BCH-01241,EQ-204,PLT-002,Deformed product,2024-11-05 10:14:17
ABT-000174,BCH-01244,EQ-201,PLT-002,Weight out of spec,2024-11-06 18:56:24
ABT-000175,BCH-01246,EQ-202,PLT-002,Contamination detected,2024-11-07 21:10:04
ABT-000176,BCH-01248,EQ-201,PLT-002,Weight out of spec,2024-11-08 18:27:44
ABT-000177,BCH-01254,EQ-201,PLT-002,Coating defect,2024-11-13 14:55:26
ABT-000178,BCH-01255,EQ-201,PLT-002,Weight out of spec,2024-11-13 18:09:16
ABT-000179,BCH-01257,EQ-202,PLT-002,Blend uniformity failure,2024-11-13 22:13:37
ABT-000180,BCH-01260,EQ-201,PLT-002,Contamination detected,2024-11-14 17:43:41
ABT-000181,BCH-01268,EQ-204,PLT-002,Contamination detected,2024-11-20 22:21:42
ABT-000182,BCH-01273,EQ-203,PLT-002,Weight out of spec,2024-11-23 21:53:30
ABT-000183,BCH-01275,EQ-204,PLT-002,Weight out of spec,2024-11-24 16:13:03
ABT-000184,BCH-01279,EQ-203,PLT-002,Blend uniformity failure,2024-11-26 22:11:59
ABT-000185,BCH-01281,EQ-201,PLT-002,Weight out of spec,2024-11-29 07:05:08
ABT-000186,BCH-01282,EQ-203,PLT-002,Blend uniformity failure,2024-12-01 00:58:25
ABT-000187,BCH-01286,EQ-203,PLT-002,Blend uniformity failure,2024-12-03 21:45:30
ABT-000188,BCH-01287,EQ-202,PLT-002,Blend uniformity failure,2024-12-04 01:11:14
ABT-000189,BCH-01289,EQ-204,PLT-002,Weight out of spec,2024-12-04 22:21:34
ABT-000190,BCH-01290,EQ-202,PLT-002,Deformed product,2024-12-04 22:51:32
ABT-000191,BCH-01294,EQ-204,PLT-002,Blend uniformity failure,2024-12-08 00:40:24
ABT-000192,BCH-01297,EQ-203,PLT-002,Weight out of spec,2024-12-09 17:46:40
ABT-000193,BCH-01299,EQ-204,PLT-002,Blend uniformity failure,2024-12-11 00:36:32
ABT-000194,BCH-01307,EQ-202,PLT-002,Coating defect,2024-12-13 14:11:15
ABT-000195,BCH-01310,EQ-203,PLT-002,Contamination detected,2024-12-15 12:57:22
ABT-000196,BCH-01322,EQ-201,PLT-002,Weight out of spec,2024-12-23 06:19:41
ABT-000197,BCH-01327,EQ-203,PLT-002,Contamination detected,2024-12-27 04:21:17
ABT-000198,BCH-01328,EQ-202,PLT-002,Blend uniformity failure,2024-12-27 05:22:28
ABT-000199,BCH-01330,EQ-202,PLT-002,Blend uniformity failure,2024-12-27 18:21:31
ABT-000200,BCH-01390,EQ-301,PLT-003,Coating defect,2024-01-29 01:10:00
ABT-000201,BCH-01448,EQ-302,PLT-003,Contamination detected,2024-02-20 19:18:47
ABT-000202,BCH-01452,EQ-302,PLT-003,Contamination detected,2024-02-21 02:51:04
ABT-000203,BCH-01507,EQ-303,PLT-003,Coating defect,2024-03-22 10:52:02
ABT-000204,BCH-01532,EQ-301,PLT-003,Coating defect,2024-04-07 23:32:03
ABT-000205,BCH-01539,EQ-302,PLT-003,Contamination detected,2024-04-11 21:35:50
ABT-000206,BCH-01548,EQ-301,PLT-003,Contamination detected,2024-04-14 14:25:04
ABT-000207,BCH-01569,EQ-301,PLT-003,Coating defect,2024-04-22 12:29:36
ABT-000208,BCH-01584,EQ-303,PLT-003,Deformed product,2024-05-01 07:45:32
ABT-000209,BCH-01606,EQ-303,PLT-003,Contamination detected,2024-05-14 05:21:39
ABT-000210,BCH-01620,EQ-301,PLT-003,Contamination detected,2024-05-23 08:23:03
ABT-000211,BCH-01621,EQ-301,PLT-003,Weight out of spec,2024-05-24 10:48:40
ABT-000212,BCH-01625,EQ-302,PLT-003,Deformed product,2024-05-26 16:27:11
ABT-000213,BCH-01626,EQ-304,PLT-003,Coating defect,2024-05-28 00:02:29
ABT-000214,BCH-01633,EQ-304,PLT-003,Weight out of spec,2024-05-29 19:08:13
ABT-000215,BCH-01641,EQ-302,PLT-003,Deformed product,2024-06-04 16:53:50
ABT-000216,BCH-01647,EQ-303,PLT-003,Deformed product,2024-06-07 11:09:30
ABT-000217,BCH-01666,EQ-302,PLT-003,Deformed product,2024-06-21 08:42:36
ABT-000218,BCH-01678,EQ-301,PLT-003,Weight out of spec,2024-06-25 00:40:24
ABT-000219,BCH-01692,EQ-304,PLT-003,Weight out of spec,2024-07-01 21:07:55
ABT-000220,BCH-01698,EQ-303,PLT-003,Coating defect,2024-07-04 05:45:09
ABT-000221,BCH-01700,EQ-303,PLT-003,Blend uniformity failure,2024-07-05 09:08:46
ABT-000222,BCH-01717,EQ-302,PLT-003,Contamination detected,2024-07-16 09:41:39
ABT-000223,BCH-01722,EQ-303,PLT-003,Blend uniformity failure,2024-07-17 23:48:03
ABT-000224,BCH-01743,EQ-301,PLT-003,Deformed product,2024-07-29 12:01:13
ABT-000225,BCH-01744,EQ-304,PLT-003,Contamination detected,2024-07-30 09:10:31
ABT-000226,BCH-01750,EQ-301,PLT-003,Weight out of spec,2024-08-01 21:34:42
ABT-000227,BCH-01765,EQ-303,PLT-003,Contamination detected,2024-08-07 23:36:38
ABT-000228,BCH-01772,EQ-301,PLT-003,Weight out of spec,2024-08-09 00:19:44
ABT-000229,BCH-01782,EQ-304,PLT-003,Deformed product,2024-08-14 09:16:18
ABT-000230,BCH-01790,EQ-302,PLT-003,Deformed product,2024-08-21 01:21:16
ABT-000231,BCH-01793,EQ-303,PLT-003,Coating defect,2024-08-21 20:03:27
ABT-000232,BCH-01798,EQ-302,PLT-003,Weight out of spec,2024-08-23 23:07:55
ABT-000233,BCH-01799,EQ-301,PLT-003,Coating defect,2024-08-25 15:17:38
ABT-000234,BCH-01800,EQ-303,PLT-003,Blend uniformity failure,2024-08-26 19:52:44
ABT-000235,BCH-01804,EQ-303,PLT-003,Deformed product,2024-08-28 06:37:20
ABT-000236,BCH-01809,EQ-303,PLT-003,Contamination detected,2024-08-30 11:31:43
ABT-000237,BCH-01811,EQ-302,PLT-003,Weight out of spec,2024-08-31 03:30:04
ABT-000238,BCH-01813,EQ-304,PLT-003,Weight out of spec,2024-09-01 22:59:53
ABT-000239,BCH-01816,EQ-302,PLT-003,Coating defect,2024-09-02 12:35:15
ABT-000240,BCH-01822,EQ-304,PLT-003,Blend uniformity failure,2024-09-11 22:03:19
ABT-000241,BCH-01827,EQ-302,PLT-003,Blend uniformity failure,2024-09-13 07:02:39
ABT-000242,BCH-01836,EQ-301,PLT-003,Coating defect,2024-09-17 00:54:07
ABT-000243,BCH-01849,EQ-303,PLT-003,Deformed product,2024-09-25 01:54:07
ABT-000244,BCH-01858,EQ-303,PLT-003,Coating defect,2024-10-04 19:47:04
ABT-000245,BCH-01862,EQ-301,PLT-003,Contamination detected,2024-10-05 11:46:40
ABT-000246,BCH-01866,EQ-304,PLT-003,Deformed product,2024-10-08 05:38:36
ABT-000247,BCH-01871,EQ-302,PLT-003,Deformed product,2024-10-09 16:53:26
ABT-000248,BCH-01873,EQ-303,PLT-003,Coating defect,2024-10-11 23:19:57
ABT-000249,BCH-01877,EQ-301,PLT-003,Weight out of spec,2024-10-13 01:48:22
ABT-000250,BCH-01889,EQ-304,PLT-003,Coating defect,2024-10-22 08:35:10
ABT-000251,BCH-01893,EQ-302,PLT-003,Weight out of spec,2024-10-25 19:08:44
ABT-000252,BCH-01894,EQ-303,PLT-003,Blend uniformity failure,2024-10-26 00:42:17
ABT-000253,BCH-01904,EQ-303,PLT-003,Weight out of spec,2024-11-02 07:28:11
ABT-000254,BCH-01905,EQ-304,PLT-003,Weight out of spec,2024-11-02 11:49:43
ABT-000255,BCH-01906,EQ-304,PLT-003,Contamination detected,2024-11-03 13:49:00
ABT-000256,BCH-01907,EQ-304,PLT-003,Blend uniformity failure,2024-11-05 13:56:55
ABT-000257,BCH-01909,EQ-301,PLT-003,Blend uniformity failure,2024-11-06 15:05:45
ABT-000258,BCH-01918,EQ-304,PLT-003,Blend uniformity failure,2024-11-12 10:00:42
ABT-000259,BCH-01919,EQ-301,PLT-003,Weight out of spec,2024-11-14 02:26:07
ABT-000260,BCH-01921,EQ-304,PLT-003,Coating defect,2024-11-16 03:18:03
ABT-000261,BCH-01922,EQ-301,PLT-003,Blend uniformity failure,2024-11-15 21:35:30
ABT-000262,BCH-01924,EQ-302,PLT-003,Weight out of spec,2024-11-16 04:11:30
ABT-000263,BCH-01933,EQ-302,PLT-003,Deformed product,2024-11-24 00:48:44
ABT-000264,BCH-01935,EQ-301,PLT-003,Deformed product,2024-11-24 04:40:44
ABT-000265,BCH-01939,EQ-301,PLT-003,Coating defect,2024-11-26 17:25:37
ABT-000266,BCH-01942,EQ-303,PLT-003,Coating defect,2024-11-28 02:22:25
ABT-000267,BCH-01948,EQ-302,PLT-003,Blend uniformity failure,2024-11-29 23:41:53
ABT-000268,BCH-01955,EQ-301,PLT-003,Weight out of spec,2024-12-01 19:30:31
ABT-000269,BCH-01958,EQ-301,PLT-003,Coating defect,2024-12-03 01:10:31
ABT-000270,BCH-01959,EQ-302,PLT-003,Deformed product,2024-12-04 00:01:26
ABT-000271,BCH-01960,EQ-301,PLT-003,Weight out of spec,2024-12-04 11:17:43
ABT-000272,BCH-01963,EQ-302,PLT-003,Weight out of spec,2024-12-04 19:21:10
ABT-000273,BCH-01969,EQ-302,PLT-003,Coating defect,2024-12-07 16:20:34
ABT-000274,BCH-01971,EQ-303,PLT-003,Blend uniformity failure,2024-12-10 00:54:29
ABT-000275,BCH-01976,EQ-304,PLT-003,Blend uniformity failure,2024-12-15 05:35:05
ABT-000276,BCH-01977,EQ-302,PLT-003,Deformed product,2024-12-15 05:06:27
ABT-000277,BCH-01979,EQ-303,PLT-003,Weight out of spec,2024-12-17 14:20:11
ABT-000278,BCH-01980,EQ-303,PLT-003,Contamination detected,2024-12-18 05:18:48
ABT-000279,BCH-01984,EQ-301,PLT-003,Contamination detected,2024-12-19 23:04:37
ABT-000280,BCH-01985,EQ-301,PLT-003,Weight out of spec,2024-12-20 06:10:31
ABT-000281,BCH-01987,EQ-304,PLT-003,Contamination detected,2024-12-23 02:41:58
ABT-000282,BCH-01988,EQ-304,PLT-003,Deformed product,2024-12-23 15:14:26
ABT-000283,BCH-01989,EQ-304,PLT-003,Contamination detected,2024-12-23 17:15:50
ABT-000284,BCH-01990,EQ-304,PLT-003,Deformed product,2024-12-24 01:34:43
ABT-000285,BCH-01991,EQ-304,PLT-003,Deformed product,2024-12-24 12:42:43
ABT-000286,BCH-02000,EQ-301,PLT-003,Weight out of spec,2024-12-28 13:27:21
ABT-000287,BCH-00472,EQ-104,PLT-001,Deformed product,2024-09-15 05:21:54
ABT-000288,BCH-00474,EQ-104,PLT-001,Coating defect,2024-09-18 00:48:31
ABT-000289,BCH-00475,EQ-104,PLT-001,Weight out of spec,2024-09-18 13:06:38
ABT-000290,BCH-00489,EQ-104,PLT-001,Blend uniformity failure,2024-09-24 00:56:29
ABT-000291,BCH-00498,EQ-104,PLT-001,Deformed product,2024-09-30 04:50:43
ABT-000292,BCH-00499,EQ-104,PLT-001,Blend uniformity failure,2024-09-30 04:16:55
ABT-000293,BCH-00503,EQ-104,PLT-001,Deformed product,2024-10-01 12:35:23
ABT-000294,BCH-00522,EQ-104,PLT-001,Contamination detected,2024-10-12 07:21:05
ABT-000295,BCH-00525,EQ-104,PLT-001,Coating defect,2024-10-13 10:59:21
ABT-000296,BCH-00531,EQ-104,PLT-001,Contamination detected,2024-10-17 15:48:31
ABT-000297,BCH-00533,EQ-104,PLT-001,Weight out of spec,2024-10-18 09:37:43
ABT-000298,BCH-00548,EQ-104,PLT-001,Contamination detected,2024-10-27 04:02:24
ABT-000299,BCH-00549,EQ-104,PLT-001,Contamination detected,2024-10-29 12:50:46
ABT-000300,BCH-00551,EQ-104,PLT-001,Weight out of spec,2024-10-30 06:08:28
ABT-000301,BCH-00571,EQ-104,PLT-001,Blend uniformity failure,2024-11-08 18:07:07
ABT-000302,BCH-00574,EQ-104,PLT-001,Blend uniformity failure,2024-11-10 07:52:08
ABT-000303,BCH-00575,EQ-104,PLT-001,Contamination detected,2024-11-10 05:32:38
ABT-000304,BCH-00576,EQ-104,PLT-001,Weight out of spec,2024-11-10 09:31:38
ABT-000305,BCH-00595,EQ-104,PLT-001,Blend uniformity failure,2024-11-17 20:02:10
ABT-000306,BCH-00598,EQ-104,PLT-001,Blend uniformity failure,2024-11-21 00:47:40
ABT-000307,BCH-00602,EQ-104,PLT-001,Coating defect,2024-11-23 18:44:45
ABT-000308,BCH-00614,EQ-104,PLT-001,Deformed product,2024-12-03 23:38:01
ABT-000309,BCH-00623,EQ-104,PLT-001,Weight out of spec,2024-12-08 19:30:55
ABT-000310,BCH-00635,EQ-104,PLT-001,Deformed product,2024-12-15 13:26:38
ABT-000311,BCH-00637,EQ-104,PLT-001,Coating defect,2024-12-15 19:55:43
ABT-000312,BCH-00643,EQ-104,PLT-001,Weight out of spec,2024-12-19 01:12:48
ABT-000313,BCH-00650,EQ-104,PLT-001,Deformed product,2024-12-22 08:45:18
ABT-000314,BCH-00662,EQ-104,PLT-001,Contamination detected,2024-12-29 16:50:10
ABT-000315,BCH-01136,EQ-204,PLT-002,Deformed product,2024-09-15 02:11:19
ABT-000316,BCH-01139,EQ-204,PLT-002,Blend uniformity failure,2024-09-17 06:21:36
ABT-000317,BCH-01141,EQ-204,PLT-002,Coating defect,2024-09-17 15:12:17
ABT-000318,BCH-01146,EQ-204,PLT-002,Contamination detected,2024-09-19 00:31:48
ABT-000319,BCH-01157,EQ-204,PLT-002,Deformed product,2024-09-22 22:53:27
ABT-000320,BCH-01161,EQ-204,PLT-002,Weight out of spec,2024-09-24 20:10:03
ABT-000321,BCH-01164,EQ-204,PLT-002,Contamination detected,2024-09-26 22:14:15
ABT-000322,BCH-01165,EQ-204,PLT-002,Blend uniformity failure,2024-09-26 22:44:30
ABT-000323,BCH-01170,EQ-204,PLT-002,Deformed product,2024-09-28 08:21:25
ABT-000324,BCH-01173,EQ-204,PLT-002,Contamination detected,2024-09-29 23:08:06
ABT-000325,BCH-01180,EQ-204,PLT-002,Contamination detected,2024-10-03 05:52:12
ABT-000326,BCH-01181,EQ-204,PLT-002,Blend uniformity failure,2024-10-03 10:45:36
ABT-000327,BCH-01188,EQ-204,PLT-002,Coating defect,2024-10-05 12:12:22
ABT-000328,BCH-01190,EQ-204,PLT-002,Weight out of spec,2024-10-06 21:42:44
ABT-000329,BCH-01199,EQ-204,PLT-002,Deformed product,2024-10-12 07:18:25
ABT-000330,BCH-01207,EQ-204,PLT-002,Deformed product,2024-10-15 14:20:23
ABT-000331,BCH-01208,EQ-204,PLT-002,Coating defect,2024-10-16 03:14:43
ABT-000332,BCH-01210,EQ-204,PLT-002,Contamination detected,2024-10-18 05:29:52
ABT-000333,BCH-01221,EQ-204,PLT-002,Contamination detected,2024-10-25 09:05:49
ABT-000334,BCH-01223,EQ-204,PLT-002,Coating defect,2024-10-25 22:48:05
ABT-000335,BCH-01225,EQ-204,PLT-002,Blend uniformity failure,2024-10-26 21:59:04
ABT-000336,BCH-01249,EQ-204,PLT-002,Contamination detected,2024-11-09 00:02:16
ABT-000337,BCH-01251,EQ-204,PLT-002,Weight out of spec,2024-11-10 15:29:08
ABT-000338,BCH-01252,EQ-204,PLT-002,Contamination detected,2024-11-11 16:32:45
ABT-000339,BCH-01253,EQ-204,PLT-002,Contamination detected,2024-11-12 19:38:49
ABT-000340,BCH-01256,EQ-204,PLT-002,Deformed product,2024-11-13 21:35:16
ABT-000341,BCH-01259,EQ-204,PLT-002,Contamination detected,2024-11-14 19:12:14
ABT-000342,BCH-01263,EQ-204,PLT-002,Contamination detected,2024-11-16 09:05:03
ABT-000343,BCH-01271,EQ-204,PLT-002,Deformed product,2024-11-22 04:44:59
ABT-000344,BCH-01274,EQ-204,PLT-002,Weight out of spec,2024-11-23 20:33:03
ABT-000345,BCH-01280,EQ-204,PLT-002,Weight out of spec,2024-11-27 19:30:20
ABT-000346,BCH-01292,EQ-204,PLT-002,Deformed product,2024-12-07 00:15:21
ABT-000347,BCH-01298,EQ-204,PLT-002,Blend uniformity failure,2024-12-10 20:16:18
ABT-000348,BCH-01303,EQ-204,PLT-002,Blend uniformity failure,2024-12-12 01:00:57
ABT-000349,BCH-01306,EQ-204,PLT-002,Coating defect,2024-12-13 12:33:24
ABT-000350,BCH-01313,EQ-204,PLT-002,Deformed product,2024-12-16 07:04:00
ABT-000351,BCH-01317,EQ-204,PLT-002,Deformed product,2024-12-19 14:19:42
ABT-000352,BCH-01321,EQ-204,PLT-002,Coating defect,2024-12-22 19:16:06
ABT-000353,BCH-01325,EQ-204,PLT-002,Weight out of spec,2024-12-25 15:15:28
ABT-000354,BCH-01326,EQ-204,PLT-002,Coating defect,2024-12-26 07:36:15
ABT-000355,BCH-01332,EQ-204,PLT-002,Coating defect,2024-12-29 01:32:54
ABT-000356,BCH-01334,EQ-204,PLT-002,Blend uniformity failure,2024-12-29 09:58:04
ABT-000357,BCH-01833,EQ-304,PLT-003,Coating defect,2024-09-16 00:00:06
ABT-000358,BCH-01838,EQ-304,PLT-003,Deformed product,2024-09-19 03:25:30
ABT-000359,BCH-01839,EQ-304,PLT-003,Contamination detected,2024-09-19 10:34:14
ABT-000360,BCH-01840,EQ-304,PLT-003,Deformed product,2024-09-19 10:16:39
ABT-000361,BCH-01853,EQ-304,PLT-003,Weight out of spec,2024-09-30 09:19:05
ABT-000362,BCH-01869,EQ-304,PLT-003,Contamination detected,2024-10-09 07:25:25
ABT-000363,BCH-01879,EQ-304,PLT-003,Coating defect,2024-10-14 10:36:47
ABT-000364,BCH-01881,EQ-304,PLT-003,Weight out of spec,2024-10-14 22:59:05
ABT-000365,BCH-01883,EQ-304,PLT-003,Weight out of spec,2024-10-17 07:20:11
ABT-000366,BCH-01898,EQ-304,PLT-003,Deformed product,2024-10-31 04:26:08
ABT-000367,BCH-01908,EQ-304,PLT-003,Blend uniformity failure,2024-11-05 20:23:36
ABT-000368,BCH-01913,EQ-304,PLT-003,Weight out of spec,2024-11-07 10:20:40
ABT-000369,BCH-01917,EQ-304,PLT-003,Blend uniformity failure,2024-11-11 21:15:47
ABT-000370,BCH-01926,EQ-304,PLT-003,Coating defect,2024-11-18 14:53:40
ABT-000371,BCH-01929,EQ-304,PLT-003,Coating defect,2024-11-22 04:29:11
ABT-000372,BCH-01947,EQ-304,PLT-003,Contamination detected,2024-11-29 03:39:24
ABT-000373,BCH-01951,EQ-304,PLT-003,Contamination detected,2024-11-30 20:59:37
ABT-000374,BCH-01957,EQ-304,PLT-003,Weight out of spec,2024-12-02 13:02:27
ABT-000375,BCH-01974,EQ-304,PLT-003,Coating defect,2024-12-14 16:16:38
ABT-000376,BCH-01975,EQ-304,PLT-003,Coating defect,2024-12-14 23:28:08
ABT-000377,BCH-01981,EQ-304,PLT-003,Blend uniformity failure,2024-12-18 05:04:22
ABT-000378,BCH-01986,EQ-304,PLT-003,Contamination detected,2024-12-21 15:45:13
ABT-000379,BCH-01997,EQ-304,PLT-003,Contamination detected,2024-12-27 12:03:30
ABT-000380,BCH-02001,EQ-304,PLT-003,Coating defect,2024-12-29 07:37:30
